date,dow,hour,trips,avg_total,avg_distance
2023-01-01,6,0,1204,26.488554817275748,3.12203488372093
2023-01-01,6,1,1250,26.919576,3.208072
2023-01-01,6,2,1066,25.871135084427767,3.1727392120075044
2023-01-01,6,3,694,25.525720461095098,3.274740634005764
2023-01-01,6,4,415,29.934,4.241493975903614
2023-01-01,6,5,184,36.116521739130434,5.709836956521738
2023-01-01,6,6,134,53.294402985074626,9.67634328358209
2023-01-01,6,7,133,49.25195488721805,8.82345864661654
2023-01-01,6,8,168,45.65577380952381,7.723154761904762
2023-01-01,6,9,256,33.21546875,5.3253515625
2023-01-01,6,10,464,35.5097198275862,5.643405172413793
2023-01-01,6,11,593,32.35849915682968,4.823389544688027
2023-01-01,6,12,748,31.205267379679146,4.504385026737968
2023-01-01,6,13,794,32.78125944584383,4.844269521410579
2023-01-01,6,14,877,35.7063511972634,5.389885974914481
2023-01-01,6,15,877,36.065541619156214,5.342611174458381
2023-01-01,6,16,829,35.305536791314836,5.186936067551267
2023-01-01,6,17,852,34.97597417840375,5.211971830985916
2023-01-01,6,18,686,31.143600583090375,4.215379008746356
2023-01-01,6,19,693,32.87623376623377,4.907965367965367
2023-01-01,6,20,612,33.61062091503268,4.88124183006536
2023-01-01,6,21,576,33.01916666666667,4.800121527777778
2023-01-01,6,22,523,37.995219885277244,6.139311663479924
2023-01-01,6,23,391,38.63923273657289,6.4595652173913045
2023-01-02,0,0,210,37.80057142857143,6.347761904761905
2023-01-02,0,1,134,37.346119402985074,6.354253731343284
2023-01-02,0,2,78,27.484871794871797,3.701923076923077
2023-01-02,0,3,70,45.86742857142857,7.607857142857142
2023-01-02,0,4,57,40.148421052631576,6.249122807017543
2023-01-02,0,5,63,66.99825396825398,11.253968253968255
2023-01-02,0,6,107,69.52822429906541,12.38747663551402
2023-01-02,0,7,157,50.901464968152865,9.422866242038218
2023-01-02,0,8,216,41.1662037037037,6.837453703703704
2023-01-02,0,9,381,38.46041994750656,6.128687664041995
2023-01-02,0,10,534,31.881254681647942,4.83247191011236
2023-01-02,0,11,634,31.581703470031545,4.771955835962145
2023-01-02,0,12,758,27.956477572559365,4.013680738786279
2023-01-02,0,13,888,32.24066441441441,4.794042792792792
2023-01-02,0,14,1005,34.88521393034826,5.390029850746268
2023-01-02,0,15,954,34.3890251572327,5.161457023060796
2023-01-02,0,16,961,35.59052029136316,5.370072840790844
2023-01-02,0,17,924,33.27090909090909,4.7945670995671
2023-01-02,0,18,764,31.47115183246073,4.553769633507853
2023-01-02,0,19,766,32.99215404699739,4.782506527415144
2023-01-02,0,20,669,33.71375186846039,5.079895366218236
2023-01-02,0,21,637,32.457755102040814,4.9258712715855575
2023-01-02,0,22,503,36.658469184890656,6.0469184890656065
2023-01-02,0,23,343,39.99650145772595,6.650583090379009
2023-01-03,1,0,200,46.867,8.33535
2023-01-03,1,1,113,50.3124778761062,9.213716814159293
2023-01-03,1,2,69,40.62347826086957,7.011159420289855
2023-01-03,1,3,46,47.63565217391304,8.998695652173913
2023-01-03,1,4,41,50.079756097560974,8.668780487804879
2023-01-03,1,5,74,53.46,9.559324324324324
2023-01-03,1,6,164,53.16207317073171,9.49609756097561
2023-01-03,1,7,310,32.97041935483871,5.040935483870968
2023-01-03,1,8,403,33.2727047146402,4.879528535980149
2023-01-03,1,9,447,34.40360178970917,5.155973154362416
2023-01-03,1,10,696,30.415316091954026,4.113534482758621
2023-01-03,1,11,729,29.82233196159122,3.865294924554184
2023-01-03,1,12,733,28.84174624829468,3.760682128240109
2023-01-03,1,13,798,32.53261904761904,4.653132832080201
2023-01-03,1,14,857,35.294504084014,5.252800466744457
2023-01-03,1,15,931,33.64689581095596,4.897604726100967
2023-01-03,1,16,925,38.85715675675676,5.407881081081081
2023-01-03,1,17,843,35.20455516014235,4.725646500593119
2023-01-03,1,18,862,33.230730858468675,4.297366589327146
2023-01-03,1,19,662,35.47663141993957,5.0826132930513594
2023-01-03,1,20,623,33.434285714285714,5.06792937399679
2023-01-03,1,21,654,32.4325993883792,4.683073394495413
2023-01-03,1,22,520,33.372326923076926,5.0507307692307695
2023-01-03,1,23,391,40.22038363171355,6.780613810741688
2023-01-04,2,0,254,46.95716535433071,8.29267716535433
2023-01-04,2,1,85,38.384235294117644,6.6530588235294115
2023-01-04,2,2,59,44.17881355932204,7.746779661016949
2023-01-04,2,3,33,36.18848484848485,5.853636363636364
2023-01-04,2,4,33,49.18121212121212,8.843333333333334
2023-01-04,2,5,61,42.880819672131146,7.821147540983606
2023-01-04,2,6,121,43.30504132231405,7.678677685950413
2023-01-04,2,7,355,37.86802816901408,5.989267605633803
2023-01-04,2,8,431,30.092343387470997,4.123642691415313
2023-01-04,2,9,435,33.032919540229884,4.726229885057471
2023-01-04,2,10,551,32.07671506352087,4.509600725952813
2023-01-04,2,11,594,27.663905723905724,3.4232996632996633
2023-01-04,2,12,753,28.62187250996016,3.728273572377158
2023-01-04,2,13,767,31.891551499348108,4.458526727509779
2023-01-04,2,14,856,32.79886682242991,4.625303738317757
2023-01-04,2,15,971,30.73295571575695,4.13778578784758
2023-01-04,2,16,1059,35.61055712936733,4.54801699716714
2023-01-04,2,17,987,32.477811550151976,3.909017223910841
2023-01-04,2,18,1018,28.86337917485265,3.339852652259332
2023-01-04,2,19,926,33.011252699784016,4.37292656587473
2023-01-04,2,20,728,29.89605769230769,4.283337912087912
2023-01-04,2,21,729,30.2458024691358,4.403621399176955
2023-01-04,2,22,662,30.676797583081573,4.425558912386706
2023-01-04,2,23,459,36.45856209150327,6.027908496732026
2023-01-05,3,0,252,41.71507936507937,7.17031746031746
2023-01-05,3,1,99,36.638888888888886,5.734040404040404
2023-01-05,3,2,59,33.674915254237284,5.656610169491525
2023-01-05,3,3,45,36.824888888888886,6.369555555555555
2023-01-05,3,4,43,60.27744186046511,10.667209302325581
2023-01-05,3,5,57,50.349649122807016,9.101754385964911
2023-01-05,3,6,126,39.32198412698413,6.7004761904761905
2023-01-05,3,7,312,31.5324358974359,4.6768269230769235
2023-01-05,3,8,405,26.194419753086418,3.367185185185185
2023-01-05,3,9,494,28.095971659919027,3.576497975708502
2023-01-05,3,10,586,31.524368600682593,4.3032593856655295
2023-01-05,3,11,654,30.195902140672782,3.914449541284404
2023-01-05,3,12,718,29.124052924791087,3.8111699164345403
2023-01-05,3,13,827,30.01247883917775,4.114727932285369
2023-01-05,3,14,918,34.02040305010893,4.964226579520697
2023-01-05,3,15,982,31.00482688391039,4.172484725050917
2023-01-05,3,16,962,32.869459459459456,3.9943762993762997
2023-01-05,3,17,999,32.07596596596596,3.864194194194194
2023-01-05,3,18,1059,30.409707271010387,3.643059490084986
2023-01-05,3,19,917,29.22082878953108,3.5929443838604143
2023-01-05,3,20,858,30.225512820512822,4.272470862470863
2023-01-05,3,21,990,27.29350505050505,3.6778585858585857
2023-01-05,3,22,785,27.48876433121019,3.6320127388535033
2023-01-05,3,23,612,31.567777777777778,4.685506535947713
2023-01-06,4,0,346,30.511705202312136,4.542456647398844
2023-01-06,4,1,158,29.22930379746835,4.309430379746836
2023-01-06,4,2,80,22.018125,2.808125
2023-01-06,4,3,42,38.501666666666665,6.188809523809524
2023-01-06,4,4,33,41.131212121212116,6.568787878787879
2023-01-06,4,5,61,49.151311475409834,8.507868852459017
2023-01-06,4,6,114,41.364122807017544,7.373070175438596
2023-01-06,4,7,294,33.52598639455782,4.982619047619048
2023-01-06,4,8,405,26.709827160493827,3.4899753086419754
2023-01-06,4,9,419,33.47677804295943,4.7793317422434365
2023-01-06,4,10,564,29.853386524822696,3.9932978723404253
2023-01-06,4,11,663,29.26877828054299,3.9097737556561083
2023-01-06,4,12,683,29.524978038067353,3.9847437774524157
2023-01-06,4,13,796,30.654836683417084,4.199761306532664
2023-01-06,4,14,1018,31.196689587426327,4.268605108055009
2023-01-06,4,15,1041,30.345523535062437,3.9592122958693565
2023-01-06,4,16,980,33.44437755102041,4.121040816326531
2023-01-06,4,17,1075,29.272055813953486,3.2926511627906976
2023-01-06,4,18,1164,26.88494845360825,2.816211340206186
2023-01-06,4,19,1248,28.22414262820513,3.224679487179487
2023-01-06,4,20,1037,26.642565091610415,3.3642140790742525
2023-01-06,4,21,1144,25.77799825174825,3.1323426573426576
2023-01-06,4,22,1221,26.96070434070434,3.364774774774775
2023-01-06,4,23,1040,26.652826923076923,3.5302403846153845
2023-01-07,5,0,900,23.849766666666667,2.8654444444444445
2023-01-07,5,1,664,23.821987951807227,2.964171686746988
2023-01-07,5,2,432,22.61224537037037,2.7536342592592593
2023-01-07,5,3,278,26.028776978417266,3.6524460431654675
2023-01-07,5,4,122,34.04950819672131,5.110081967213114
2023-01-07,5,5,61,48.50098360655738,8.069016393442622
2023-01-07,5,6,63,48.87063492063492,8.643968253968255
2023-01-07,5,7,152,45.32171052631579,7.526118421052632
2023-01-07,5,8,252,36.554682539682545,5.9746428571428565
2023-01-07,5,9,437,26.945148741418766,3.744279176201373
2023-01-07,5,10,640,24.29403125,3.19534375
2023-01-07,5,11,794,23.608790931989926,2.9302518891687654
2023-01-07,5,12,927,24.291359223300972,3.0456418554476805
2023-01-07,5,13,1108,26.35095667870036,3.3631227436823106
2023-01-07,5,14,1163,28.983981083404988,3.9586844368013754
2023-01-07,5,15,1201,27.757318900915905,3.643955037468776
2023-01-07,5,16,1274,28.364591836734693,3.6968681318681322
2023-01-07,5,17,1259,26.46346306592534,3.2917950754567116
2023-01-07,5,18,1343,25.337602382725244,3.1432613551749813
2023-01-07,5,19,1464,25.125300546448088,3.08155737704918
2023-01-07,5,20,1182,26.91019458544839,3.3536717428087988
2023-01-07,5,21,1194,26.982763819095474,3.3510134003350083
2023-01-07,5,22,1465,26.33460750853242,3.2497133105802045
2023-01-07,5,23,1192,27.203590604026846,3.5337919463087246
2023-01-08,6,0,1047,25.624126074498566,3.259904489016237
2023-01-08,6,1,796,22.931595477386935,2.7394221105527636
2023-01-08,6,2,544,23.532830882352943,2.9565257352941177
2023-01-08,6,3,315,23.756507936507937,3.0443174603174605
2023-01-08,6,4,163,30.95085889570552,4.556625766871166
2023-01-08,6,5,64,57.43328125,9.89328125
2023-01-08,6,6,96,52.2978125,9.312395833333333
2023-01-08,6,7,125,50.250879999999995,8.601120000000002
2023-01-08,6,8,225,34.77986666666667,5.627644444444445
2023-01-08,6,9,400,29.053625,4.37355
2023-01-08,6,10,617,28.920696920583467,4.263808752025932
2023-01-08,6,11,723,25.443734439834024,3.3350484094052555
2023-01-08,6,12,879,26.36320819112628,3.5473265073947666
2023-01-08,6,13,933,28.67653804930332,3.9367631296891745
2023-01-08,6,14,1058,30.17805293005671,4.1720321361058605
2023-01-08,6,15,952,32.26612394957983,4.563760504201681
2023-01-08,6,16,1054,31.217134724857686,4.46988614800759
2023-01-08,6,17,968,29.869721074380166,4.251342975206612
2023-01-08,6,18,867,27.290703575547866,3.746655132641292
2023-01-08,6,19,706,30.628045325779038,4.551501416430595
2023-01-08,6,20,669,29.874304932735427,4.249282511210763
2023-01-08,6,21,634,33.70047318611987,5.16332807570978
2023-01-08,6,22,437,36.91862700228833,5.764919908466819
2023-01-08,6,23,303,44.00023102310231,7.658217821782179
2023-01-09,0,0,194,40.08340206185567,6.684536082474226
2023-01-09,0,1,65,31.081384615384614,5.2069230769230765
2023-01-09,0,2,41,28.567073170731707,4.35219512195122
2023-01-09,0,3,29,39.777931034482755,6.493103448275862
2023-01-09,0,4,38,50.82947368421053,8.767631578947368
2023-01-09,0,5,54,44.15481481481482,7.761851851851851
2023-01-09,0,6,129,46.497441860465116,7.933488372093023
2023-01-09,0,7,305,35.026754098360655,5.264819672131147
2023-01-09,0,8,419,29.97887828162291,3.8632458233890214
2023-01-09,0,9,438,32.4965296803653,4.497009132420091
2023-01-09,0,10,503,31.495705765407553,4.464811133200795
2023-01-09,0,11,587,29.709250425894382,3.9842078364565587
2023-01-09,0,12,615,29.716552845528454,4.068016260162602
2023-01-09,0,13,647,31.04049459041731,4.330680061823802
2023-01-09,0,14,753,34.32717131474104,5.089907038512616
2023-01-09,0,15,876,30.24727168949772,4.162328767123287
2023-01-09,0,16,815,34.141693251533745,4.504723926380368
2023-01-09,0,17,875,34.06722285714286,4.391451428571428
2023-01-09,0,18,799,30.968235294117648,3.849499374217772
2023-01-09,0,19,705,30.91617021276596,4.022964539007092
2023-01-09,0,20,678,30.731710914454275,4.388156342182891
2023-01-09,0,21,626,29.490143769968054,4.280734824281151
2023-01-09,0,22,465,30.262838709677418,4.251161290322581
2023-01-09,0,23,277,36.521480144404336,5.7914440433213
2023-01-10,1,0,142,34.8919014084507,5.749788732394366
2023-01-10,1,1,64,34.036875,5.320625
2023-01-10,1,2,33,27.54848484848485,4.221818181818182
2023-01-10,1,3,16,30.325,4.429375
2023-01-10,1,4,30,47.251333333333335,8.576333333333334
2023-01-10,1,5,45,45.82066666666666,7.782
2023-01-10,1,6,125,33.853519999999996,5.58216
2023-01-10,1,7,313,30.484600638977636,4.195335463258786
2023-01-10,1,8,389,25.578431876606686,3.0726735218509
2023-01-10,1,9,444,32.22675675675676,4.384527027027027
2023-01-10,1,10,475,27.80604210526316,3.432463157894737
2023-01-10,1,11,613,28.358711256117456,3.5319902120717783
2023-01-10,1,12,675,26.62647407407407,3.251422222222222
2023-01-10,1,13,709,29.061664315937943,3.8395909732016924
2023-01-10,1,14,863,32.25698725376593,4.456280417149479
2023-01-10,1,15,929,28.27249730893434,3.609558665231432
2023-01-10,1,16,832,32.44495192307692,3.9338341346153842
2023-01-10,1,17,943,31.969003181336163,3.878695652173913
2023-01-10,1,18,966,28.17123188405797,3.184285714285714
2023-01-10,1,19,800,29.18905,3.708075
2023-01-10,1,20,791,27.51922882427307,3.6183817951959543
2023-01-10,1,21,891,27.222547699214367,3.564040404040404
2023-01-10,1,22,703,27.26406827880512,3.666543385490754
2023-01-10,1,23,364,33.4346978021978,5.147939560439561
2023-01-11,2,0,189,32.70587301587302,5.211005291005291
2023-01-11,2,1,85,30.26141176470588,4.675882352941176
2023-01-11,2,2,45,31.37,4.910222222222222
2023-01-11,2,3,34,31.98852941176471,5.14
2023-01-11,2,4,30,50.88066666666667,7.410666666666667
2023-01-11,2,5,61,44.30327868852459,7.360819672131147
2023-01-11,2,6,111,39.91135135135135,6.624684684684685
2023-01-11,2,7,300,30.28793333333333,4.329466666666667
2023-01-11,2,8,433,28.410092378752886,3.804203233256351
2023-01-11,2,9,412,25.175800970873787,2.9514320388349513
2023-01-11,2,10,507,24.34627218934911,2.8110256410256413
2023-01-11,2,11,557,26.832154398563734,3.2228366247755833
2023-01-11,2,12,692,28.940332369942194,3.726011560693642
2023-01-11,2,13,725,29.26015172413793,3.854
2023-01-11,2,14,800,30.4357,4.116499999999999
2023-01-11,2,15,863,28.4163731170336,3.6520278099652375
2023-01-11,2,16,888,33.73597972972973,4.275292792792793
2023-01-11,2,17,989,33.06074823053589,4.1351567239636
2023-01-11,2,18,1049,28.278751191611057,3.1357006673021925
2023-01-11,2,19,865,27.800809248554913,3.2513526011560696
2023-01-11,2,20,820,26.630231707317073,3.4632560975609756
2023-01-11,2,21,992,25.63850806451613,3.278185483870968
2023-01-11,2,22,847,27.26733175914994,3.5708382526564346
2023-01-11,2,23,470,32.3978085106383,4.816829787234043
2023-01-12,3,0,249,33.77534136546185,5.23425702811245
2023-01-12,3,1,117,29.85205128205128,4.875042735042735
2023-01-12,3,2,69,34.47202898550725,5.396521739130435
2023-01-12,3,3,47,34.38212765957447,5.4968085106382985
2023-01-12,3,4,46,46.999347826086954,7.989782608695651
2023-01-12,3,5,53,47.68528301886793,8.145471698113207
2023-01-12,3,6,125,41.51392,7.112640000000001
2023-01-12,3,7,322,31.233260869565218,4.574037267080745
2023-01-12,3,8,403,28.136749379652606,3.597766749379653
2023-01-12,3,9,458,29.160829694323144,3.540021834061135
2023-01-12,3,10,527,30.63546489563567,4.005218216318785
2023-01-12,3,11,597,31.259346733668337,3.999028475711893
2023-01-12,3,12,680,31.899323529411767,4.294632352941177
2023-01-12,3,13,760,33.22276315789473,4.593842105263158
2023-01-12,3,14,846,34.946063829787235,4.950874704491725
2023-01-12,3,15,939,32.6848136315229,4.488168264110756
2023-01-12,3,16,927,36.07298813376483,4.4978856526429345
2023-01-12,3,17,1048,32.04899809160305,3.665171755725191
2023-01-12,3,18,1274,27.832386185243326,2.811043956043956
2023-01-12,3,19,915,30.17807650273224,3.6226994535519124
2023-01-12,3,20,1004,27.69609561752988,3.5522111553784863
2023-01-12,3,21,974,27.297782340862423,3.467104722792608
2023-01-12,3,22,848,28.23817216981132,3.793679245283019
2023-01-12,3,23,480,25.05377083333333,3.057020833333333
2023-02-01,2,0,186,31.695215053763445,4.7528494623655915
2023-02-01,2,1,69,26.99449275362319,3.719130434782609
2023-02-01,2,2,33,23.50090909090909,3.0996969696969696
2023-02-01,2,3,27,26.53518518518519,3.723333333333333
2023-02-01,2,4,24,47.96333333333333,7.96
2023-02-01,2,5,60,44.003,7.4465
2023-02-01,2,6,107,40.35542056074766,6.629626168224299
2023-02-01,2,7,314,31.142261146496814,4.609044585987261
2023-02-01,2,8,430,26.24374418604651,3.3161627906976747
2023-02-01,2,9,426,30.4818779342723,4.136619718309859
2023-02-01,2,10,497,27.611911468812878,3.293118712273642
2023-02-01,2,11,539,25.93165120593692,2.8978849721706865
2023-02-01,2,12,648,28.341450617283947,3.441388888888889
2023-02-01,2,13,667,28.736176911544227,3.645862068965517
2023-02-01,2,14,753,32.045471447543164,4.39800796812749
2023-02-01,2,15,802,27.52950124688279,3.325586034912718
2023-02-01,2,16,823,31.468918590522478,3.6517375455650063
2023-02-01,2,17,855,29.91140350877193,3.2208187134502926
2023-02-01,2,18,928,25.899375,2.653760775862069
2023-02-01,2,19,916,29.05815502183406,3.4870960698689957
2023-02-01,2,20,867,28.210588235294118,3.7544405997693193
2023-02-01,2,21,997,25.92606820461384,3.2429187562688067
2023-02-01,2,22,830,25.715024096385545,3.2731566265060237
2023-02-01,2,23,431,32.90178654292343,4.879141531322506
2023-02-02,3,0,208,29.02,4.294519230769231
2023-02-02,3,1,84,27.10571428571429,3.8564285714285713
2023-02-02,3,2,54,26.887592592592593,3.7377777777777776
2023-02-02,3,3,37,30.260810810810813,4.284594594594594
2023-02-02,3,4,23,28.735652173913042,4.177826086956522
2023-02-02,3,5,38,37.943684210526314,6.306052631578948
2023-02-02,3,6,122,43.084508196721316,7.355737704918033
2023-02-02,3,7,289,33.728754325259516,5.068200692041523
2023-02-02,3,8,418,27.555669856459332,3.5641387559808613
2023-02-02,3,9,385,28.868181818181817,3.637090909090909
2023-02-02,3,10,513,29.233859649122806,3.5362768031189082
2023-02-02,3,11,576,28.283697916666668,3.3643576388888885
2023-02-02,3,12,662,30.529169184290033,3.9658157099697884
2023-02-02,3,13,662,32.45070996978852,4.3424320241691845
2023-02-02,3,14,840,31.82602380952381,4.175714285714285
2023-02-02,3,15,897,28.851326644370122,3.593088071348941
2023-02-02,3,16,836,32.49922248803828,3.7820334928229666
2023-02-02,3,17,972,33.435874485596706,4.180771604938272
2023-02-02,3,18,1049,29.147940896091516,3.1657102001906576
2023-02-02,3,19,950,28.0236,3.056821052631579
2023-02-02,3,20,944,26.66572033898305,3.236122881355932
2023-02-02,3,21,1139,26.064837576821773,3.16009657594381
2023-02-02,3,22,972,26.4052366255144,3.239578189300411
2023-02-02,3,23,625,26.63904,3.4856480000000003
2023-02-03,4,0,362,27.08839779005525,3.5616298342541435
2023-02-03,4,1,205,24.537560975609754,3.2978536585365856
2023-02-03,4,2,108,22.874351851851852,2.7724074074074077
2023-02-03,4,3,59,31.698474576271188,4.714576271186441
2023-02-03,4,4,41,39.00829268292683,6.211463414634147
2023-02-03,4,5,54,46.61222222222222,7.495185185185186
2023-02-03,4,6,95,40.75157894736842,7.10778947368421
2023-02-03,4,7,294,31.068571428571428,4.342074829931972
2023-02-03,4,8,426,26.348591549295776,3.3523943661971827
2023-02-03,4,9,392,29.152321428571426,3.885025510204082
2023-02-03,4,10,547,29.728756855575867,3.9841864716636195
2023-02-03,4,11,657,27.85363774733638,3.492739726027397
2023-02-03,4,12,711,29.55351617440225,3.876385372714487
2023-02-03,4,13,799,31.506996245306635,4.303892365456821
2023-02-03,4,14,952,31.54172268907563,4.319632352941176
2023-02-03,4,15,1015,28.37377339901478,3.5194187192118225
2023-02-03,4,16,1060,32.01316037735849,3.8836792452830187
2023-02-03,4,17,1203,30.965594347464673,3.624172901080632
2023-02-03,4,18,1177,26.34448598130841,2.594367034834325
2023-02-03,4,19,1261,26.930055511498814,2.753869944488501
2023-02-03,4,20,964,24.89236514522822,2.855674273858921
2023-02-03,4,21,1154,24.926178509532065,2.910736568457539
2023-02-03,4,22,1190,25.444008403361345,2.9920084033613445
2023-02-03,4,23,899,26.253259176863182,3.1965628476084538
2023-02-04,5,0,637,25.770753532182106,3.2293092621664052
2023-02-04,5,1,493,24.528559837728196,2.9327180527383367
2023-02-04,5,2,316,22.65791139240506,2.6388291139240505
2023-02-04,5,3,221,24.533846153846152,2.9650678733031675
2023-02-04,5,4,92,27.490978260869564,3.673804347826087
2023-02-04,5,5,26,50.326153846153844,8.837307692307693
2023-02-04,5,6,51,46.82392156862745,8.741764705882353
2023-02-04,5,7,116,37.45922413793103,5.9896551724137925
2023-02-04,5,8,227,30.206607929515418,4.483876651982379
2023-02-04,5,9,375,24.91837333333333,3.1572533333333332
2023-02-04,5,10,590,23.570949152542372,2.9751525423728813
2023-02-04,5,11,756,22.24527777777778,2.618478835978836
2023-02-04,5,12,871,25.134202066590127,3.251768082663605
2023-02-04,5,13,936,24.607692307692307,2.8980341880341878
2023-02-04,5,14,960,28.055229166666667,3.6592604166666667
2023-02-04,5,15,1017,26.847118977384465,3.332418879056047
2023-02-04,5,16,1202,26.35436772046589,3.265557404326123
2023-02-04,5,17,1217,26.59558751027116,3.3007641741988496
2023-02-04,5,18,1267,24.433267561168115,2.7450749802683507
2023-02-04,5,19,1215,23.346683127572017,2.539934156378601
2023-02-04,5,20,956,25.704069037656904,2.9555962343096236
2023-02-04,5,21,1025,25.337629268292684,2.9154341463414637
2023-02-04,5,22,1245,25.903670682730922,2.9998473895582327
2023-02-04,5,23,1070,25.641401869158877,3.096785046728972
2023-02-05,6,0,827,24.059613059250303,2.8727206771463116
2023-02-05,6,1,589,23.147266553480474,2.704787775891341
2023-02-05,6,2,453,23.42991169977925,2.781832229580574
2023-02-05,6,3,293,24.90112627986348,3.3184641638225254
2023-02-05,6,4,153,28.19986928104575,3.841895424836601
2023-02-05,6,5,49,47.42918367346939,8.774081632653061
2023-02-05,6,6,82,50.35475609756098,8.660121951219512
2023-02-05,6,7,125,42.48352,6.94328
2023-02-05,6,8,209,33.31454545454545,5.069808612440191
2023-02-05,6,9,364,27.658956043956046,3.8806043956043954
2023-02-05,6,10,563,26.570905861456485,3.6479396092362344
2023-02-05,6,11,713,26.875399719495093,3.5872931276297333
2023-02-05,6,12,826,27.373292978208234,3.674200968523002
2023-02-05,6,13,933,31.64172561629153,4.424448017148982
2023-02-05,6,14,953,31.871143756558237,4.401322140608604
2023-02-05,6,15,946,31.0403488372093,4.210856236786469
2023-02-05,6,16,983,29.895361139369278,4.038667344862666
2023-02-05,6,17,994,30.939245472837023,4.375865191146881
2023-02-05,6,18,904,28.722975663716813,3.8379314159292033
2023-02-05,6,19,709,28.976361071932295,4.132538787023977
2023-02-05,6,20,644,29.538416149068325,4.047360248447205
2023-02-05,6,21,655,31.371709923664124,4.504519083969465
2023-02-05,6,22,388,38.5935824742268,6.110309278350516
2023-02-05,6,23,271,42.336900369003686,7.08630996309963
2023-02-06,0,0,147,42.23047619047619,6.807074829931973
2023-02-06,0,1,82,42.981585365853654,7.106219512195122
2023-02-06,0,2,34,45.887058823529415,7.387352941176471
2023-02-06,0,3,28,31.148214285714285,4.721071428571428
2023-02-06,0,4,28,54.20607142857143,7.278214285714285
2023-02-06,0,5,66,45.7469696969697,8.342575757575759
2023-02-06,0,6,129,46.974806201550386,7.996666666666666
2023-02-06,0,7,327,34.00051987767584,5.13223241590214
2023-02-06,0,8,475,30.16143157894737,4.033557894736842
2023-02-06,0,9,484,30.609173553719007,3.999338842975207
2023-02-06,0,10,538,29.305687732342005,3.7345910780669147
2023-02-06,0,11,516,29.438953488372093,3.886705426356589
2023-02-06,0,12,642,29.672040498442367,4.049205607476636
2023-02-06,0,13,680,31.214132352941178,4.457397058823529
2023-02-06,0,14,780,32.60323076923077,4.640794871794872
2023-02-06,0,15,863,30.68745075318656,4.213939745075319
2023-02-06,0,16,852,33.49198356807511,4.234553990610329
2023-02-06,0,17,866,34.50633949191686,4.476304849884526
2023-02-06,0,18,831,30.17647412755716,3.5587123947051746
2023-02-06,0,19,694,30.89978386167147,3.8775360230547555
2023-02-06,0,20,656,29.865624999999998,4.143414634146342
2023-02-06,0,21,712,28.998342696629212,4.039143258426966
2023-02-06,0,22,522,30.94662835249042,4.36823754789272
2023-02-06,0,23,335,33.749970149253734,5.143253731343283
2023-02-07,1,0,136,39.11691176470588,6.566323529411765
2023-02-07,1,1,56,34.06357142857143,5.5024999999999995
2023-02-07,1,2,36,35.003055555555555,5.696944444444444
2023-02-07,1,3,27,26.817777777777778,3.3840740740740745
2023-02-07,1,4,20,60.370000000000005,11.084
2023-02-07,1,5,36,48.73833333333333,8.39
2023-02-07,1,6,98,37.41336734693877,6.158775510204081
2023-02-07,1,7,305,27.240557377049182,3.5441639344262295
2023-02-07,1,8,438,28.04381278538813,3.469771689497717
2023-02-07,1,9,453,29.18997792494481,3.625298013245033
2023-02-07,1,10,490,28.201040816326532,3.3569591836734696
2023-02-07,1,11,516,27.166627906976743,3.0575968992248064
2023-02-07,1,12,612,28.821928104575164,3.727598039215686
2023-02-07,1,13,706,28.866203966005667,3.7080594900849855
2023-02-07,1,14,791,32.59817951959545,4.527888748419722
2023-02-07,1,15,863,30.571425260718424,4.155816917728853
2023-02-07,1,16,820,32.2454756097561,3.830841463414634
2023-02-07,1,17,885,30.7794802259887,3.5627570621468925
2023-02-07,1,18,875,28.322960000000002,3.0805599999999997
2023-02-07,1,19,790,28.705582278481014,3.34346835443038
2023-02-07,1,20,834,25.739844124700237,3.1946882494004796
2023-02-07,1,21,963,25.847902388369675,3.1162305295950152
2023-02-07,1,22,679,27.65223858615611,3.7271870397643596
2023-02-07,1,23,435,26.910919540229884,3.701287356321839
2023-02-08,2,0,187,33.81561497326203,5.322834224598931
2023-02-08,2,1,70,27.149428571428572,3.8560000000000003
2023-02-08,2,2,44,23.85068181818182,3.0568181818181817
2023-02-08,2,3,17,31.06294117647059,4.947058823529411
2023-02-08,2,4,30,41.07166666666667,6.571
2023-02-08,2,5,45,37.956,6.208444444444444
2023-02-08,2,6,111,42.35243243243243,7.2909009009009
2023-02-08,2,7,297,29.28488215488216,4.085723905723905
2023-02-08,2,8,431,27.934106728538286,3.478445475638051
2023-02-08,2,9,397,29.818136020151133,3.6614861460957178
2023-02-08,2,10,500,28.548599999999997,3.44688
2023-02-08,2,11,573,29.475671902268765,3.6591273996509597
2023-02-08,2,12,667,29.62461769115442,3.664512743628186
2023-02-08,2,13,656,31.383658536585365,4.160121951219512
2023-02-08,2,14,760,32.3156447368421,4.298263157894737
2023-02-08,2,15,821,29.31249695493301,3.738246041412911
2023-02-08,2,16,885,33.17871186440678,4.0089830508474575
2023-02-08,2,17,886,29.77380361173815,3.27920993227991
2023-02-08,2,18,991,27.181160443995964,2.837204843592331
2023-02-08,2,19,948,27.51561181434599,3.0259915611814345
2023-02-08,2,20,888,28.286396396396395,3.69134009009009
2023-02-08,2,21,1017,26.611671583087514,3.4398426745329402
2023-02-08,2,22,905,26.447734806629835,3.319314917127072
2023-02-08,2,23,550,29.011254545454545,3.9503818181818184
2023-02-09,3,0,252,28.216309523809525,3.9876190476190474
2023-02-09,3,1,115,24.122086956521738,2.905913043478261
2023-02-09,3,2,51,25.09294117647059,3.2898039215686277
2023-02-09,3,3,50,34.2874,5.615
2023-02-09,3,4,28,42.59928571428571,6.734285714285714
2023-02-09,3,5,64,47.867343749999996,8.37625
2023-02-09,3,6,129,41.98217054263566,6.956821705426356
2023-02-09,3,7,325,33.01215384615385,4.772461538461538
2023-02-09,3,8,404,28.453490099009898,3.5572772277227727
2023-02-09,3,9,479,29.759478079331938,3.708016701461378
2023-02-09,3,10,513,29.64520467836257,3.6948927875243665
2023-02-09,3,11,602,31.991029900332222,4.143205980066445
2023-02-09,3,12,643,31.900077760497666,4.143794712286159
2023-02-09,3,13,727,33.621540577716644,4.454085281980743
2023-02-09,3,14,850,34.08016470588235,4.686964705882353
2023-02-09,3,15,906,31.668631346578366,4.125916114790287
2023-02-09,3,16,826,34.50318401937046,4.070326876513318
2023-02-09,3,17,982,33.929164969450106,4.049134419551935
2023-02-09,3,18,1052,29.763821292775667,2.9894201520912547
2023-02-09,3,19,1006,29.290924453280315,3.3141153081510932
2023-02-09,3,20,913,27.283526834611173,3.3602081051478643
2023-02-09,3,21,1077,27.950362116991645,3.5824883936861656
2023-02-09,3,22,1038,27.42863198458574,3.523342967244701
2023-02-09,3,23,759,28.275533596837946,3.7043083003952573
2023-02-10,4,0,413,25.906658595641648,3.4171186440677968
2023-02-10,4,1,238,25.654159663865546,3.4360924369747896
2023-02-10,4,2,143,24.722027972027973,3.21027972027972
2023-02-10,4,3,80,28.479750000000003,4.0335
2023-02-10,4,4,56,36.096250000000005,5.231607142857143
2023-02-10,4,5,53,55.61735849056603,9.875094339622642
2023-02-10,4,6,109,50.2945871559633,8.471926605504587
2023-02-10,4,7,281,31.58334519572954,4.478220640569394
2023-02-10,4,8,364,32.9857967032967,4.576181318681319
2023-02-10,4,9,439,32.740774487471526,4.399020501138953
2023-02-10,4,10,524,33.24507633587786,4.390553435114504
2023-02-10,4,11,585,30.19694017094017,3.808769230769231
2023-02-10,4,12,720,31.435444444444446,4.227902777777778
2023-02-10,4,13,772,32.31628238341969,4.455453367875648
2023-02-10,4,14,903,33.5031007751938,4.612857142857143
2023-02-10,4,15,873,30.917674684994275,3.965131729667812
2023-02-10,4,16,948,33.64644514767932,3.872310126582278
2023-02-10,4,17,1138,30.54262741652021,3.436493848857645
2023-02-10,4,18,1220,27.428975409836063,2.880172131147541
2023-02-10,4,19,1342,28.291557377049177,3.0931222056631893
2023-02-10,4,20,1225,26.552383673469386,3.0936
2023-02-10,4,21,1365,26.701787545787546,3.197245421245421
2023-02-10,4,22,1505,26.21963455149502,2.9973355481727575
2023-02-10,4,23,1327,26.392871137905047,3.071544837980407
2023-02-11,5,0,1036,25.892480694980694,3.0821525096525098
2023-02-11,5,1,745,22.557208053691273,2.5400939597315437
2023-02-11,5,2,598,23.13153846153846,2.815969899665552
2023-02-11,5,3,381,25.79511811023622,3.213254593175853
2023-02-11,5,4,139,32.96834532374101,4.7086330935251794
2023-02-11,5,5,61,39.33327868852459,6.569180327868852
2023-02-11,5,6,52,50.409423076923076,8.583076923076923
2023-02-11,5,7,111,46.15792792792793,7.92963963963964
2023-02-11,5,8,237,31.49379746835443,4.800379746835444
2023-02-11,5,9,454,25.763810572687227,3.449295154185022
2023-02-11,5,10,669,22.937443946188342,2.7576831091180867
2023-02-11,5,11,851,23.84635722679201,2.82048178613396
2023-02-11,5,12,939,26.824302449414272,3.372055378061768
2023-02-11,5,13,1072,27.03867537313433,3.3190018656716416
2023-02-11,5,14,1152,29.488776041666668,3.848498263888889
2023-02-11,5,15,1171,27.562894961571306,3.3740990606319388
2023-02-11,5,16,1290,27.028496124031008,3.276813953488372
2023-02-11,5,17,1356,28.654262536873155,3.62452802359882
2023-02-11,5,18,1533,26.119302022178733,3.0048336594911937
2023-02-11,5,19,1619,26.291927115503395,3.024366893143916
2023-02-11,5,20,1300,26.89347692307692,3.0360307692307695
2023-02-11,5,21,1306,26.73885911179173,3.1205513016845328
2023-02-11,5,22,1523,27.277537754432043,3.1337229152987525
2023-02-11,5,23,1270,27.154905511811027,3.257338582677165
2023-02-12,6,0,1089,25.568448117539027,3.0461248852157943
2023-02-12,6,1,856,23.632044392523362,2.779170560747663
2023-02-12,6,2,589,23.285772495755516,2.765127334465195
2023-02-12,6,3,369,24.05539295392954,2.994010840108401
2023-02-12,6,4,199,30.535929648241204,4.460150753768844
2023-02-12,6,5,58,56.03551724137931,9.291379310344826
2023-02-12,6,6,77,50.873636363636365,8.87103896103896
2023-02-12,6,7,124,42.43282258064516,7.074354838709677
2023-02-12,6,8,236,30.35686440677966,4.641271186440678
2023-02-12,6,9,359,28.177493036211697,4.157409470752089
2023-02-12,6,10,603,27.572371475953563,3.799519071310116
2023-02-12,6,11,720,27.44470833333333,3.768361111111111
2023-02-12,6,12,812,29.11902709359606,3.961293103448276
2023-02-12,6,13,908,30.933821585903083,4.36681718061674
2023-02-12,6,14,1025,31.645921951219513,4.454965853658536
2023-02-12,6,15,950,32.52864210526316,4.797168421052632
2023-02-12,6,16,968,32.86578512396694,4.7333884297520665
2023-02-12,6,17,1154,29.60831889081456,4.1546013864818025
2023-02-12,6,18,1040,27.55857692307692,3.823942307692308
2023-02-12,6,19,647,31.88346213292117,4.8963987635239565
2023-02-12,6,20,575,31.547826086956523,4.5653565217391305
2023-02-12,6,21,666,31.54274774774775,4.577702702702703
2023-02-12,6,22,1090,28.113174311926606,3.8944587155963304
2023-02-12,6,23,424,29.39955188679245,4.233584905660377
2023-03-01,2,0,184,34.58586956521739,5.458532608695652
2023-03-01,2,1,87,38.45724137931034,6.3227586206896556
2023-03-01,2,2,30,28.384333333333334,3.9836666666666667
2023-03-01,2,3,30,40.97933333333333,6.638999999999999
2023-03-01,2,4,34,54.608823529411765,9.074411764705884
2023-03-01,2,5,50,48.4346,8.2952
2023-03-01,2,6,120,43.9205,7.871666666666667
2023-03-01,2,7,348,29.5283908045977,4.135373563218391
2023-03-01,2,8,442,28.293552036199095,3.700927601809955
2023-03-01,2,9,441,32.79462585034014,4.304013605442177
2023-03-01,2,10,510,29.47878431372549,3.683333333333333
2023-03-01,2,11,568,32.24823943661972,4.2603697183098586
2023-03-01,2,12,765,30.901908496732027,4.018300653594771
2023-03-01,2,13,745,33.928416107382546,4.648577181208053
2023-03-01,2,14,812,32.97426108374384,4.398263546798029
2023-03-01,2,15,888,32.40744369369369,4.19963963963964
2023-03-01,2,16,887,34.19124013528749,4.042908680947012
2023-03-01,2,17,979,31.142594484167518,3.516976506639428
2023-03-01,2,18,974,29.99406570841889,3.3591375770020537
2023-03-01,2,19,925,30.936832432432432,3.8243135135135136
2023-03-01,2,20,928,26.443846982758622,3.365549568965517
2023-03-01,2,21,957,26.192413793103448,3.263667711598746
2023-03-01,2,22,861,30.001881533101045,4.1033101045296165
2023-03-01,2,23,523,31.813709369024856,4.599579349904397
2023-03-02,3,0,246,29.399878048780486,4.531829268292682
2023-03-02,3,1,114,36.31991228070176,4.969385964912281
2023-03-02,3,2,70,31.251857142857144,3.5148571428571427
2023-03-02,3,3,39,35.96025641025641,5.694102564102564
2023-03-02,3,4,36,38.72805555555556,6.155555555555555
2023-03-02,3,5,52,46.77134615384615,8.454807692307693
2023-03-02,3,6,119,35.67915966386554,5.855378151260504
2023-03-02,3,7,336,31.23392857142857,4.587797619047619
2023-03-02,3,8,444,28.763941441441442,3.74509009009009
2023-03-02,3,9,466,31.369163090128758,3.920858369098712
2023-03-02,3,10,515,30.077184466019418,3.6732815533980583
2023-03-02,3,11,662,29.512522658610273,3.5606042296072506
2023-03-02,3,12,781,32.10638924455826,4.212279129321383
2023-03-02,3,13,794,33.57749370277078,4.50992443324937
2023-03-02,3,14,867,35.257831603229526,4.706955017301038
2023-03-02,3,15,936,31.426912393162393,3.9784508547008546
2023-03-02,3,16,892,36.30858744394619,4.479316143497758
2023-03-02,3,17,1059,31.979008498583568,3.604145420207743
2023-03-02,3,18,1059,30.594551463644947,3.422766761095373
2023-03-02,3,19,947,30.03826821541711,3.5486694825765577
2023-03-02,3,20,910,28.571285714285715,3.6808351648351647
2023-03-02,3,21,1133,26.71057369814651,3.2601235657546335
2023-03-02,3,22,1052,27.889847908745246,3.644382129277566
2023-03-02,3,23,823,30.4307290400972,4.320814094775213
2023-03-03,4,0,440,27.908454545454543,3.8990681818181816
2023-03-03,4,1,241,27.16307053941909,3.7673029045643154
2023-03-03,4,2,112,25.044017857142855,3.3319642857142857
2023-03-03,4,3,72,28.469305555555554,4.361805555555556
2023-03-03,4,4,57,38.25192982456141,6.477017543859649
2023-03-03,4,5,43,50.1053488372093,8.921627906976743
2023-03-03,4,6,115,48.6264347826087,8.528695652173912
2023-03-03,4,7,269,32.899182156133826,4.728438661710038
2023-03-03,4,8,429,28.604801864801864,3.757202797202797
2023-03-03,4,9,480,34.06047916666667,4.778791666666667
2023-03-03,4,10,550,32.03723636363636,4.3660000000000005
2023-03-03,4,11,589,30.579151103565362,3.918641765704584
2023-03-03,4,12,738,32.621097560975606,4.412140921409214
2023-03-03,4,13,813,33.1830504305043,4.668966789667897
2023-03-03,4,14,955,32.597267015706805,4.248293193717277
2023-03-03,4,15,1029,32.26186588921283,4.360359572400389
2023-03-03,4,16,988,33.35613360323887,3.9228340080971664
2023-03-03,4,17,1111,30.29004500450045,3.364842484248425
2023-03-03,4,18,1235,29.417846153846156,3.305182186234818
2023-03-03,4,19,1334,27.363793103448277,2.9016941529235383
2023-03-03,4,20,1194,24.818450586264657,2.743743718592965
2023-03-03,4,21,1330,24.130984962406014,2.736421052631579
2023-03-03,4,22,1280,25.227375000000002,2.9316328125
2023-03-03,4,23,1101,25.192252497729335,2.9835513169845593
2023-03-04,5,0,800,25.431525,3.0475375000000002
2023-03-04,5,1,566,24.31035335689046,2.8257243816254416
2023-03-04,5,2,333,24.243273273273275,2.9655255255255253
2023-03-04,5,3,211,26.00654028436019,3.3785308056872037
2023-03-04,5,4,98,34.07795918367347,5.015714285714286
2023-03-04,5,5,36,46.72027777777778,8.134722222222223
2023-03-04,5,6,93,52.56935483870968,9.730645161290322
2023-03-04,5,7,125,47.5908,8.30976
2023-03-04,5,8,259,29.32057915057915,4.219459459459459
2023-03-04,5,9,477,28.674591194968556,4.151802935010482
2023-03-04,5,10,629,24.956327503974563,3.19516693163752
2023-03-04,5,11,841,27.141117717003567,3.588525564803805
2023-03-04,5,12,956,26.510617154811715,3.342792887029289
2023-03-04,5,13,1106,28.83787522603978,3.844692585895117
2023-03-04,5,14,1119,28.789374441465597,3.8170151921358353
2023-03-04,5,15,1122,28.03180035650624,3.6760962566844917
2023-03-04,5,16,1228,27.403395765472315,3.4077280130293155
2023-03-04,5,17,1243,27.206572807723248,3.3931134352373293
2023-03-04,5,18,1459,26.124256339958876,3.1438039753255658
2023-03-04,5,19,1414,24.887751060820367,2.862864214992928
2023-03-04,5,20,1243,25.8033708769107,2.971979082864039
2023-03-04,5,21,1358,25.711723122238585,2.9807511045655377
2023-03-04,5,22,1422,26.540541490857947,3.1785161744022505
2023-03-04,5,23,1403,26.15419101924448,3.0017320028510337
2023-03-05,6,0,1038,25.39859344894027,3.02364161849711
2023-03-05,6,1,867,24.299388696655132,2.949134948096886
2023-03-05,6,2,577,23.741455805892546,2.9045580589254767
2023-03-05,6,3,368,24.89307065217391,3.2127445652173914
2023-03-05,6,4,166,27.7044578313253,3.872289156626506
2023-03-05,6,5,63,53.65190476190477,8.968095238095238
2023-03-05,6,6,95,53.30326315789473,9.525052631578948
2023-03-05,6,7,162,44.01925925925926,7.447839506172839
2023-03-05,6,8,236,36.127415254237285,5.776186440677966
2023-03-05,6,9,436,30.113004587155963,4.399288990825688
2023-03-05,6,10,629,26.208712241653416,3.5700953895071543
2023-03-05,6,11,772,28.40624352331606,3.988536269430052
2023-03-05,6,12,1007,29.25890764647468,4.009781529294935
2023-03-05,6,13,1134,31.549021164021163,4.406895943562611
2023-03-05,6,14,1179,31.546471586089908,4.268608990670059
2023-03-05,6,15,1102,30.24988203266788,4.039192377495462
2023-03-05,6,16,1067,31.236616682286787,4.198050609184629
2023-03-05,6,17,1060,29.813801886792454,3.9735094339622643
2023-03-05,6,18,1013,31.106831194471866,4.319052319842053
2023-03-05,6,19,816,30.336605392156862,4.226164215686275
2023-03-05,6,20,714,29.05689075630252,3.8846918767507006
2023-03-05,6,21,663,33.08180995475114,4.976636500754148
2023-03-05,6,22,479,34.344029227557414,5.24054279749478
2023-03-05,6,23,360,37.222833333333334,5.837472222222223
2023-03-06,0,0,162,40.17006172839506,6.673888888888889
2023-03-06,0,1,79,36.33772151898734,5.947848101265823
2023-03-06,0,2,39,27.46717948717949,3.9425641025641025
2023-03-06,0,3,33,36.232424242424244,5.858787878787879
2023-03-06,0,4,34,44.745294117647056,6.869999999999999
2023-03-06,0,5,55,62.586363636363636,11.389090909090909
2023-03-06,0,6,136,46.68639705882353,8.211691176470588
2023-03-06,0,7,322,31.866086956521738,4.618043478260869
2023-03-06,0,8,422,33.50447867298578,4.548388625592417
2023-03-06,0,9,437,30.740892448512586,3.9682379862700228
2023-03-06,0,10,585,30.96728205128205,4.209299145299146
2023-03-06,0,11,575,31.339878260869565,4.273843478260869
2023-03-06,0,12,705,31.686425531914892,4.17781560283688
2023-03-06,0,13,769,32.71638491547464,4.635084525357607
2023-03-06,0,14,823,33.89620899149453,4.7331834750911295
2023-03-06,0,15,927,32.213074433656956,4.294973031283711
2023-03-06,0,16,808,37.31085396039604,4.694975247524752
2023-03-06,0,17,848,31.850849056603774,3.8310966981132077
2023-03-06,0,18,864,29.558020833333334,3.507025462962963
2023-03-06,0,19,815,31.84725153374233,4.176233128834356
2023-03-06,0,20,731,28.992913816689466,3.9179890560875514
2023-03-06,0,21,734,29.16422343324251,4.052942779291553
2023-03-06,0,22,552,32.45644927536232,4.857807971014493
2023-03-06,0,23,294,35.05578231292517,5.363673469387756
2023-03-07,1,0,156,32.79711538461539,5.141474358974358
2023-03-07,1,1,75,35.03093333333334,5.8092
2023-03-07,1,2,37,30.7127027027027,5.0078378378378385
2023-03-07,1,3,15,30.173333333333336,4.206
2023-03-07,1,4,20,56.4865,10.3395
2023-03-07,1,5,58,59.7396551724138,11.507413793103447
2023-03-07,1,6,109,49.34697247706422,8.708715596330276
2023-03-07,1,7,313,30.091661341853037,4.046325878594249
2023-03-07,1,8,440,26.836931818181817,3.29025
2023-03-07,1,9,486,31.253827160493827,4.004917695473251
2023-03-07,1,10,584,29.205736301369864,3.692037671232877
2023-03-07,1,11,646,30.01295665634675,3.5555108359133127
2023-03-07,1,12,723,28.785587828492393,3.541313969571231
2023-03-07,1,13,739,30.08120433017591,3.78192151556157
2023-03-07,1,14,862,29.80366589327146,3.665174013921114
2023-03-07,1,15,892,29.730560538116592,3.7184417040358744
2023-03-07,1,16,944,34.071843220338984,4.0063771186440675
2023-03-07,1,17,1004,29.89276892430279,3.2340338645418325
2023-03-07,1,18,1160,28.264008620689655,3.0422327586206896
2023-03-07,1,19,941,27.03764080765143,2.9730818278427207
2023-03-07,1,20,909,25.792563256325632,3.179152915291529
2023-03-07,1,21,1015,26.266640394088668,3.2806995073891625
2023-03-07,1,22,841,27.19141498216409,3.638692033293698
2023-03-07,1,23,455,29.590043956043953,4.220967032967033
2023-03-08,2,0,178,33.4323595505618,5.218876404494382
2023-03-08,2,1,84,32.14357142857143,4.955714285714286
2023-03-08,2,2,41,28.524878048780486,4.038048780487805
2023-03-08,2,3,36,32.393055555555556,5.719166666666666
2023-03-08,2,4,23,49.60739130434783,9.097391304347827
2023-03-08,2,5,51,51.287254901960786,9.482745098039215
2023-03-08,2,6,137,46.02912408759124,7.877518248175183
2023-03-08,2,7,324,31.773518518518514,4.622006172839506
2023-03-08,2,8,470,27.012212765957447,3.4427446808510638
2023-03-08,2,9,445,30.317865168539328,3.87285393258427
2023-03-08,2,10,578,29.518840830449825,3.507318339100346
2023-03-08,2,11,698,30.959914040114615,3.7576647564469914
2023-03-08,2,12,756,31.69309523809524,3.895621693121693
2023-03-08,2,13,812,31.778731527093594,4.082783251231527
2023-03-08,2,14,889,33.63535433070866,4.321721034870642
2023-03-08,2,15,962,31.245852390852388,3.9494906444906444
2023-03-08,2,16,854,33.88748243559719,3.8794613583138173
2023-03-08,2,17,985,33.41082233502538,3.8310659898477155
2023-03-08,2,18,1053,30.812231718898385,3.4137891737891737
2023-03-08,2,19,959,29.691543274244,3.4764650677789364
2023-03-08,2,20,914,27.24592997811816,3.3927133479212253
2023-03-08,2,21,1123,26.529884238646485,3.3369634906500445
2023-03-08,2,22,978,27.59402862985685,3.6440286298568507
2023-03-08,2,23,544,29.80244485294118,4.1263419117647056
2023-03-09,3,0,266,30.343984962406015,4.589285714285714
2023-03-09,3,1,123,25.695121951219512,3.7673170731707315
2023-03-09,3,2,49,32.38367346938775,4.995510204081633
2023-03-09,3,3,48,25.660208333333333,3.9114583333333335
2023-03-09,3,4,40,67.683,11.62925
2023-03-09,3,5,53,55.445660377358486,9.487735849056603
2023-03-09,3,6,128,45.545625,7.82796875
2023-03-09,3,7,328,32.97091463414634,4.807713414634146
2023-03-09,3,8,442,31.36819004524887,4.203981900452489
2023-03-09,3,9,512,30.15013671875,3.767890625
2023-03-09,3,10,593,30.254822934232717,3.6886846543001686
2023-03-09,3,11,695,31.10176978417266,3.779294964028777
2023-03-09,3,12,783,30.40058748403576,3.6369731800766285
2023-03-09,3,13,856,34.08718457943925,4.523376168224299
2023-03-09,3,14,880,34.241170454545454,4.615431818181818
2023-03-09,3,15,984,33.00052845528455,4.236331300813008
2023-03-09,3,16,910,34.00075824175824,3.907208791208791
2023-03-09,3,17,1010,33.10839603960396,3.8477821782178214
2023-03-09,3,18,1193,30.369153394803018,3.326135792120704
2023-03-09,3,19,1115,29.383614349775783,3.3025381165919283
2023-03-09,3,20,982,28.6797250509165,3.586405295315682
2023-03-09,3,21,1169,26.20246364414029,3.2054234388366125
2023-03-09,3,22,1092,27.031263736263735,3.3376373626373623
2023-03-09,3,23,806,30.154578163771713,4.130843672456575
2023-03-10,4,0,478,24.515146443514645,2.9923012552301254
2023-03-10,4,1,215,25.989255813953488,3.458744186046512
2023-03-10,4,2,127,23.250393700787402,3.0174015748031495
2023-03-10,4,3,93,27.993118279569895,3.7480645161290322
2023-03-10,4,4,67,42.163283582089555,6.728059701492537
2023-03-10,4,5,62,58.52903225806451,10.563548387096775
2023-03-10,4,6,131,42.0512213740458,7.244045801526718
2023-03-10,4,7,288,37.3434375,5.80375
2023-03-10,4,8,430,30.925372093023256,4.330860465116279
2023-03-10,4,9,505,32.70772277227723,4.4865346534653465
2023-03-10,4,10,614,30.398517915309444,3.76728013029316
2023-03-10,4,11,698,31.865200573065902,4.109598853868195
2023-03-10,4,12,709,30.463511988716505,3.804090267983075
2023-03-10,4,13,833,31.63472989195678,4.113529411764706
2023-03-10,4,14,943,34.579437963944855,4.548069989395546
2023-03-10,4,15,982,29.342881873727087,3.5286252545824848
2023-03-10,4,16,1034,33.518897485493234,3.8487427466150868
2023-03-10,4,17,1237,31.08714632174616,3.461835084882781
2023-03-10,4,18,1326,27.79024886877828,2.983582202111614
2023-03-10,4,19,1558,26.49160462130937,2.6696598202824133
2023-03-10,4,20,1204,25.384667774086378,2.90031561461794
2023-03-10,4,21,1244,25.45952572347267,2.905104501607717
2023-03-10,4,22,1284,26.246612149532712,3.0714018691588785
2023-03-10,4,23,1121,27.91402319357716,3.5428456735057985
2023-03-11,5,0,784,26.297602040816326,3.2035714285714283
2023-03-11,5,1,630,24.811,3.087253968253968
2023-03-11,5,2,438,23.541347031963472,2.8475342465753424
2023-03-11,5,3,227,23.15762114537445,2.909339207048458
2023-03-11,5,4,142,28.50661971830986,3.8785915492957748
2023-03-11,5,5,47,52.00382978723404,9.29936170212766
2023-03-11,5,6,76,53.61868421052632,9.585394736842105
2023-03-11,5,7,140,44.178999999999995,7.519428571428572
2023-03-11,5,8,251,32.397250996015934,5.06195219123506
2023-03-11,5,9,468,28.657029914529915,4.132029914529914
2023-03-11,5,10,626,25.339728434504792,3.3660063897763575
2023-03-11,5,11,809,24.32017305315204,2.9027194066749074
2023-03-11,5,12,920,26.471749999999997,3.3339891304347824
2023-03-11,5,13,1000,26.097810000000003,3.36206
2023-03-11,5,14,1132,28.248833922261483,3.6640989399293287
2023-03-11,5,15,1161,28.372825150732126,3.7673471145564172
2023-03-11,5,16,1308,26.619961773700304,3.386284403669725
2023-03-11,5,17,1355,28.50016974169742,3.6702730627306277
2023-03-11,5,18,1424,25.5677106741573,3.069810393258427
2023-03-11,5,19,1391,24.04795111430625,2.719784327821711
2023-03-11,5,20,1194,26.49289782244556,3.0936180904522614
2023-03-11,5,21,1193,26.32549874266555,3.1030176026823137
2023-03-11,5,22,1450,26.881296551724137,3.229503448275862
2023-03-11,5,23,1393,27.206209619526202,3.3616798277099784
2023-03-12,6,0,1106,26.590307414104885,3.329900542495479
2023-03-12,6,1,942,25.027898089171973,3.1497664543524415
2023-03-12,6,3,707,25.333125884016972,3.1679773691654884
2023-03-12,6,4,403,27.429875930521092,3.69727047146402
2023-03-12,6,5,129,44.539612403100776,7.182558139534883
2023-03-12,6,6,87,46.67747126436782,7.965977011494252
2023-03-12,6,7,145,49.455241379310344,8.786827586206895
2023-03-12,6,8,209,39.01952153110048,6.4083732057416265
2023-03-12,6,9,389,29.57100257069409,4.338508997429306
2023-03-12,6,10,654,29.848547400611622,4.296743119266055
2023-03-12,6,11,754,28.18740053050398,3.9160610079575595
2023-03-12,6,12,934,27.08404710920771,3.5997537473233407
2023-03-12,6,13,991,30.437951564076688,4.261069626639758
2023-03-12,6,14,1043,31.070690316395012,4.221975071907957
2023-03-12,6,15,2,55.8,10.445
